ACTRESS NAME,DOB
Beverly Aadland,None
Mariann Aalda,1948-05-07
Caroline Aaron,1957-08-07
Diahnne Abbott,1945-01-01
Rose Abdoo,1962-11-28
Paula Abdul,1962-06-19
Donzaleigh Abernathy,1957-08-05
Whitney Able,1982-06-02
Candice Accola,1987-05-13
Amy Acker,1976-12-05
Jean Acker,None
Bettye Ackerman,None
Amy Adams,1974-08-20
Brooke Adams,1949-02-08
Edie Adams,None
Jane Adams,1965-04-01
Joey Lauren Adams,1968-01-09
Julie Adams,None
Lillian Adams,None
Mary Kay Adams,1962-09-12
Nancy Addison,None
Shohreh Aghdashloo,1952-05-11
Dianna Agron,1986-04-30
Christina Aguilera,1980-12-18
Lexi Ainsworth,1992-10-28
Malin Åkerman,1978-05-12
Jessica Alba,1981-04-28
Lola Albright,None
Denise Alexander,1939-11-11
Erika Alexander,1969-11-19
Jaimie Alexander,1984-03-12
Jane Alexander,1939-10-28
Khandi Alexander,1957-09-04
Sasha Alexander,1973-05-17
Kristian Alfonso,1963-09-05
Tatyana Ali,1979-01-24
Mary Alice,1943-12-03
Ana Alicia,1956-12-12
Christa B. Allen,1991-11-01
Debbie Allen,1950-01-16
Elizabeth Allen,None
Joan Allen,1956-08-20
Jonelle Allen,1944-07-18
Karen Allen,1951-10-05
Krista Allen,1972-04-05
Laura Allen,1974-03-21
Nancy Allen,1950-06-24
Rosalind Allen,1957-09-23
Kirstie Alley,1951-01-12
Jamie Anne Allman,1977-04-06
June Allyson,None
Daniella Alonso,1978-09-22
María Conchita Alonso,1957-06-29
Trini Alvarado,1967-01-10
Lauren Ambrose,1978-02-20
Mädchen Amick,1970-12-12
Suzy Amis,1962-01-05
Eva Amurri,1985-03-15
Kristina Anapau,1979-10-30
Andrea Anders,1975-05-10
Gillian Anderson,1968-08-09
Loni Anderson,1946-08-05
Mary Anderson,None
Melody Anderson,1955-12-03
Nicole Gale Anderson,1990-08-29
Jennifer Aniston,1969-02-11
Odette Annable,1985-05-10
Susan Anton,1950-10-12
Shiri Appleby,1978-12-07
Christina Applegate,1971-11-25
Anne Archer,1947-08-24
Beverly Archer,1948-07-19
Leila Arcieri,1973-12-18
Eve Arden,None
Ashley Argota,1993-01-09
Jillian Armenante,1968-07-05
Bess Armstrong,1953-12-11
Samaire Armstrong,1980-10-31
Alexis Arquette,None
Patricia Arquette,1968-04-08
Rosanna Arquette,1959-08-10
Bea Arthur,None
Jean Arthur,None
Katie Aselton,1978-10-01
Ashanti,1980-10-13
Elizabeth Ashley,1939-08-30
Mary Astor,None
Margaret Avery,1944-01-20
Awkwafina,1988-06-02
Nicki Aycox,1975-05-26
Rochelle Aytes,1976-05-17
Candice Azzara,1945-05-18
Lauren Bacall,None
Barbara Bach,1947-08-27
Catherine Bach,1954-03-01
Mary Badham,1952-10-07
Jane Badler,1953-12-31
Erykah Badu,1971-02-26
Katherine Bailess,1980-04-24
Laura Bailey,None
Pearl Bailey,None
Barbara Bain,1931-09-13
Fay Bainter,None
Diora Baird,1983-04-06
Blanche Baker,1956-12-20
Carroll Baker,1931-05-28
Diane Baker,1938-02-25
Kathy Baker,1950-06-08
Leigh-Allyn Baker,1972-03-13
Brenda Bakke,1963-05-15
Fairuza Balk,1974-05-21
Lucille Ball,None
Kaye Ballard,None
Talia Balsam,1959-03-05
Anne Bancroft,None
Tallulah Bankhead,None
Elizabeth Banks,1974-02-10
Tyra Banks,1973-12-04
Christine Baranski,1952-05-02
Adrienne Barbeau,1945-06-11
Ellen Barkin,1954-04-16
Joanna Barnes,1934-11-15
Priscilla Barnes,1955-12-07
Majel Barrett,None
Barbara Barrie,1931-05-23
Dana Barron,1966-04-22
Drew Barrymore,1975-02-22
Ethel Barrymore,None
Roseanne Barr,1952-11-03
Bonnie Bartlett,1929-06-20
Mischa Barton,1986-01-24
Ella Jay Basco,2006-09-17
Kim Basinger,1953-12-08
Angela Bassett,1958-08-16
Justine Bateman,1966-02-19
Florence Bates,None
Kathy Bates,1948-06-28
Cyia Batten,1972-01-26
Frances Bavier,None
Anne Baxter,None
Meredith Baxter,1947-06-21
Jennifer Beals,1963-12-19
Amanda Bearse,1958-08-09
Madisen Beaty,1995-02-28
Louise Beavers,None
Kimberly Beck,1956-01-09
Bonnie Bedelia,1948-03-25
Nicole Beharie,1985-01-03
Beth Behrs,1985-12-26
Doris Belack,None
Ashley Bell,1986-05-26
Catherine Bell,1968-08-14
Jillian Bell,1984-04-25
Kristen Bell,1980-07-18
Lake Bell,1979-03-24
Camilla Belle,1986-10-02
Kathleen Beller,1956-02-19
Troian Bellisario,1985-10-28
Maria Bello,1967-04-18
Bea Benaderet,None
Andrea Bendewald,1970-03-04
Annette Bening,1958-05-29
Constance Bennett,None
Haley Bennett,1988-01-07
Joan Bennett,None
Melissa Benoist,1988-10-04
Amber Benson,1977-01-08
Ashley Benson,1989-12-18
Jodi Benson,1961-10-10
Julie Benz,1972-05-01
Candice Bergen,1946-05-09
Polly Bergen,None
Elizabeth Berkley,1972-07-28
Jeannie Berlin,1949-11-01
Crystal Bernard,1961-09-30
Sandra Bernhard,1955-06-06
Halle Berry,1966-08-14
Valerie Bertinelli,1960-04-23
Angela Bettis,1973-01-09
Troy Beyer,1964-11-07
Mayim Bialik,1975-12-12
Leslie Bibb,1974-11-17
Jessica Biel,1982-03-03
Barbara Billingsley,None
Rachel Bilson,1981-08-25
Traci Bingham,1968-01-13
Thora Birch,1982-03-11
Kerry Bishé,1984-05-01
Summer Bishil,1988-07-17
Julie Bishop,None
Danielle Bisutti,1976-10-01
Karen Black,None
Sofia Black-D'Elia,1991-12-23
Joan Blackman,1938-05-17
Betsy Blair,None
Linda Blair,1959-01-22
Patricia Blair,None
Selma Blair,1972-06-23
Amanda Blake,None
Susan Blakely,1948-09-07
Ronee Blakley,1945-08-24
Jolene Blalock,1975-03-05
Rowan Blanchard,2001-10-14
Tammy Blanchard,1976-12-14
Sally Blane,None
Alexis Bledel,1981-09-16
Yasmine Bleeth,1968-06-14
Mary J. Blige,1971-01-11
Joan Blondell,None
Nikki Blonsky,1988-11-09
Moon Bloodgood,1975-09-20
Lindsay Bloom,1950-08-28
Verna Bloom,None
Emily Blunt,1983-02-23
Ann Blyth,1928-08-16
Eleanor Boardman,None
Mary Boland,None
Melissa Bolona,1989-12-28
Beulah Bondi,None
Lisa Bonet,1967-11-16
Shirley Booth,None
Olive Borden,None
Alex Borstein,1973-02-15
Michelle Borth,1978-08-19
Samantha Boscarino,1994-12-26
Rachel Boston,1982-05-09
Kate Bosworth,1983-01-02
Barbara Bouchet,1944-08-15
Julie Bovasso,None
Clara Bow,None
Katrina Bowden,1988-09-19
Lilan Bowden,1985-09-01
Andrea Bowen,1990-03-04
Julie Bowen,1970-03-03
Jessica Bowman,1980-11-26
Jenna Boyd,1993-03-04
Anise Boyer,None
Lara Flynn Boyle,1970-03-24
Lucy Boynton,1994-01-17
Lorraine Bracco,1954-10-02
Alice Brady,None
Alexandra Breckenridge,1982-05-15
Tracey E. Bregman,1963-05-29
Lucille Bremer,None
Eileen Brennan,None
Amy Brenneman,1964-06-22
Abigail Breslin,1996-04-14
Jordana Brewster,1980-04-26
Paget Brewster,1969-03-10
Chloe Bridges,1991-12-27
Alison Brie,1982-12-29
Connie Britton,1967-03-06
Beth Broderick,1959-02-24
Jayne Brook,1960-09-16
Geraldine Brooks,None
Louise Brooks,None
Blair Brown,1946-04-23
Chelsea Brown,None
Kimberlin Brown,1961-06-29
Kimberly J. Brown,1984-11-16
Olivia Brown,1960-04-10
Pat Crawford Brown,None
Vanessa Brown,None
Yvette Nicole Brown,1971-08-12
Leslie Browne,1957-06-29
Logan Browning,1989-06-09
Sabrina Bryan,1984-09-16
Joy Bryant,1974-10-18
Nana Bryant,1974-10-18
Tara Buck,1975-03-16
Kira Buckland,1987-07-16
Betty Buckley,1947-07-03
Sandra Bullock,1964-07-26
Cara Buono,1974-03-01
Candace Cameron Bure,1976-04-06
Billie Burke,None
Delta Burke,1956-07-30
Marylouise Burke,1941-01-20
Carol Burnett,1933-04-26
Brooke Burns,1978-03-16
Catherine Burns,1945-09-24
Heather Burns,1975-04-07
Ellen Burstyn,1932-12-07
Hilarie Burton,1982-07-01
Kate Burton,1957-09-10
Sophia Bush,1982-07-08
Brett Butler,1958-01-30
Yancy Butler,1970-07-02
Spring Byington,None
Amanda Bynes,1986-04-03
Marion Byron,None
Jeanne Cagney,None
Erin Cahill,1980-01-04
L. Scott Caldwell,1950-04-17
Alice Calhoun,None
Sarah Wayne Callies,1977-06-01
Vanessa Bell Calloway,1957-03-20
Anna Camp,1982-09-27
Colleen Camp,1953-06-07
Christa Campbell,1972-12-07
Danielle Campbell,1995-01-30
Maia Campbell,1976-11-26
Tisha Campbell,1968-10-13
Maria Canals-Barrera,1966-09-28
Dyan Cannon,1937-01-04
Lizzy Caplan,1982-06-30
Jessica Capshaw,1976-08-09
Kate Capshaw,1953-11-03
Irene Cara,1959-03-18
Gina Carano,1982-04-16
Linda Cardellini,1975-06-25
Clare Carey,1967-06-11
Mariah Carey,1970-03-27
Lynn Carlin,1938-01-31
Kitty Carlisle,None
Amy Carlson,1968-07-07
Kelly Carlson,1976-02-17
Jeanne Carmen,None
Julie Carmen,1954-04-04
Sue Carol,None
Charisma Carpenter,1970-07-23
Jennifer Carpenter,1979-12-07
Sabrina Carpenter,1999-05-11
Ever Carradine,1974-08-06
Barbara Carrera,1945-12-31
Tia Carrere,1967-01-02
Diahann Carroll,None
Madeline Carroll,1996-03-18
Nancy Carroll,None
Pat Carroll,1927-05-27
Dixie Carter,None
Lynda Carter,1951-07-24
Gabrielle Carteris,1961-01-02
Angela Cartwright,1952-09-09
Veronica Cartwright,1949-04-20
Rosalind Cash,None
Peggy Cass,None
Joanna Cassidy,1945-08-02
Katie Cassidy,1986-11-25
Peggie Castle,None
Shanley Caswell,1991-12-03
Phoebe Cates,1963-07-16
Kim Cattrall,1956-08-21
Jessica Cauffiel,1976-03-30
Emma Caulfield,1973-04-08
Joan Caulfield,None
Kristin Cavallari,1987-01-05
Lacey Chabert,1982-09-30
Faune Chambers,1976-09-23
Carol Channing,None
Stockard Channing,1944-02-13
Cyd Charisse,None
Annette Charles,None
Daveigh Chase,1990-07-24
Jessica Chastain,1977-03-24
Ruth Chatterton,None
Molly Cheek,1950-03-02
Kristin Chenoweth,1968-07-24
Cher,1946-05-20
Vanessa Lee Chester,1984-07-02
Lois Chiles,1947-04-15
Anna Chlumsky,1980-12-03
Margaret Cho,1968-12-05
Rosalind Chao,1958-09-23
Erika Christensen,1982-08-19
Claudia Christian,1965-08-10
Jamie Chung,1983-04-10
Marguerite Churchill,None
Ciara,1985-10-25
Candy Clark,1947-06-20
Judy Clark,None
Melinda Clarke,1969-04-24
Sarah Clarke,1972-02-16
Patricia Clarkson,1959-12-29
Jill Clayburgh,None
Kiersey Clemons,1993-12-17
Colleen Clinkenbeard,1980-04-13
Rosemary Clooney,None
Glenn Close,1947-03-19
Imogene Coca,None
Lauren Cohan,1982-01-07
Mindy Cohn,1966-05-20
Claudette Colbert,None
Taylor Cole,1984-04-29
Tina Cole,1943-08-04
Holliston Coleman,1992-06-30
Monique Coleman,1980-11-13
Kim Coles,1962-01-11
Patricia Collinge,None
Lily Collins,1989-03-18
Lynn Collins,1977-05-16
Holly Marie Combs,1973-12-03
Anjanette Comer,1939-08-07
Dorothy Comingore,None
Betty Compson,None
Michaela Conlin,1978-06-09
Jennifer Connelly,1970-12-12
Kristen Connolly,1980-07-12
Carole Cook,1924-01-14
Rachael Leigh Cook,1979-10-04
Jennifer Coolidge,1961-08-28
Ellen Corby,None
Mara Corday,1930-01-03
Maddie Corman,1970-08-15
Carrie Coon,1981-01-24
Miranda Cosgrove,1993-05-14
Stephanie Courtney,1970-02-08
Jane Cowl,None
Courteney Cox,1964-06-15
Laverne Cox,1972-05-29
Nikki Cox,1978-06-02
Yvonne Craig,None
Jeanne Crain,None
Barbara Crampton,1958-12-27
Norma Crane,None
Joan Crawford,None
Cathy Lee Crosby,1944-12-02
Denise Crosby,1957-11-24
Mary Crosby,1959-09-14
Marcia Cross,1962-03-25
Lindsay Crouse,1948-05-12
Gia Crovatin,1985-11-30
Suzanne Cryer,1967-01-13
Constance Cummings,None
Erin Cummings,1977-07-19
Quinn Cummings,1967-08-13
Kaley Cuoco,1985-11-30
Jane Curtin,1947-09-06
Jamie Lee Curtis,1958-11-22
Ann Cusack,1961-05-22
Joan Cusack,1962-10-11
Tawny Cypress,1976-08-08
Miley Cyrus,1992-11-23
Caroline D'Amore,1984-06-09
Beverly D'Angelo,1951-11-15
Patti D'Arbanville,1951-05-25
Donna D'Errico,1968-03-30
Shae D'lyn,1963-11-24
Yaya DaCosta,1982-11-15
Alexandra Daddario,1986-03-16
Arlene Dahl,1925-08-11
Irene Dailey,None
E. G. Daily,1961-09-11
Nadia Dajani,1965-10-26
Abby Dalton,None
Tyne Daly,1946-02-21
Dorothy Dandridge,None
Claire Danes,1979-04-12
Shera Danese,1949-10-09
Brittany Daniel,1976-03-17
Bebe Daniels,None
Erin Daniels,1973-10-09
Sarah E. Daniels,1989-08-01
Blythe Danner,1943-02-03
Linda Darnell,None
Lisa Darr,1963-04-21
Jane Darwell,None
Stacey Dash,1967-01-20
Alexa Davalos,1982-05-28
Amy Davidson,1979-09-15
Ann B. Davis,None
Bette Davis,None
Dana Davis,1978-10-04
Geena Davis,1956-01-21
Hope Davis,1964-03-23
Josie Davis,1973-01-16
Kristin Davis,1965-02-23
Phyllis Davis,None
Viola Davis,1965-08-11
Embeth Davidtz,1965-08-11
Pam Dawber,1951-10-18
Rosario Dawson,1979-05-09
Roxann Dawson,1958-09-11
Doris Day,None
Felicia Day,1979-06-28
Marceline Day,None
Priscilla Dean,None
Yvonne De Carlo,None
Brooklyn Decker,1987-04-12
Frances Dee,None
Ruby Dee,None
Sandra Dee,None
Kaylee DeFer,1986-09-23
Ellen DeGeneres,1958-01-26
Gloria DeHaven,None
Olivia de Havilland,None
Nicole DeHuff,None
Wanda De Jesus,1958-08-26
Paz de la Huerta,1984-09-03
Allie DeBerry,1994-10-26
Kate del Castillo,1972-10-23
Kim Delaney,1961-11-29
Diane Delano,1957-01-29
Dana Delany,1956-03-13
Idalis DeLeón,1966-06-15
Grey DeLisle,1973-08-24
Julie Delpy,1969-12-21
Drea de Matteo,1972-01-19
Rebecca De Mornay,1959-08-29
Carol Dempster,None
Lori Beth Denberg,1976-02-02
Kat Dennings,1986-06-13
Sandy Dennis,None
Bo Derek,1956-11-20
Laura Dern,1967-02-10
Portia de Rossi,1973-01-31
Donna D'Errico,1968-03-30
Melissa De Sousa,1967-09-25
Emily Deschanel,1976-10-11
Mary Jo Deschanel,1945-11-25
Zooey Deschanel,1980-01-17
Amanda Detmer,1971-09-27
Madelyn Deutch,1991-03-23
Zoey Deutch,1994-11-10
Patti Deutsch,None
Kaitlyn Dever,1996-12-21
Loretta Devine,1949-08-21
Torrey DeVitto,1984-06-08
Jenna Dewan,1980-12-03
Joyce DeWitt,1949-04-23
Rosemarie DeWitt,1971-10-26
Noureen DeWulf,1984-02-28
Susan Dey,1952-12-10
Alyssa Diaz,1985-09-07
Cameron Diaz,1972-08-30
Melonie Diaz,1984-04-25
Kim Dickens,1965-06-18
Angie Dickinson,1931-09-30
Marlene Dietrich,None
Victoria Dillard,1969-09-20
Phyllis Diller,None
Melinda Dillon,1939-10-13
Mia Dillon,1955-07-09
Donna Dixon,1957-07-20
Maria Dizzia,1974-12-29
Ellen Drew,None
Megan Dodds,1970-02-15
Shannen Doherty,1971-04-12
Ami Dolenz,1969-01-08
Dagmara Dominczyk,1976-07-17
Elinor Donahue,1937-04-19
Jocelin Donahue,1981-11-08
Elisa Donovan,1971-02-03
Kaitlin Doubleday,1984-07-19
Portia Doubleday,1988-06-22
Donna Douglas,None
Illeana Douglas,1965-07-25
Fiona Dourif,1981-10-30
Billie Dove,None
Ann Dowd,1956-01-30
Doris Dowling,None
Denise Dowse,1958-02-21
Polly Draper,1955-06-15
Rachel Dratch,1966-02-22
Fran Drescher,1957-09-30
Louise Dresser,None
Marie Dressler,None
Minnie Driver,1970-01-31
Joanne Dru,None
Alice Drummond,None
Ja'Net DuBois,None
Heather Dubrow,1969-01-06
Anne Dudek,1975-03-22
Haylie Duff,1985-02-19
Hilary Duff,1987-09-28
Julia Duffy,1951-06-27
Karen Duffy,1962-05-23
Olympia Dukakis,None
Patty Duke,None
Faye Dunaway,1941-01-14
Jennifer Dundas,1971-01-14
Dominique Dunne,None
Irene Dunne,None
Mildred Dunnock,None
Kirsten Dunst,1982-04-30
Tiffany Dupont,1981-03-22
Eliza Dushku,1980-12-30
Clea DuVall,1977-09-25
Shelley Duvall,1949-07-07
Ann Dvorak,None
Natalia Dyer,1995-01-13
Alexis Dziena,1984-07-08
Jeanne Eagels,None
Bobbie Eakes,1961-07-25
Leslie Easterbrook,1949-07-29
Alison Eastwood,1972-05-22
Mary Eaton,None
Christine Ebersole,1953-02-21
Sonya Eddy,1967-06-17
Lisa Edelstein,1966-05-21
Barbara Eden,1931-08-23
Melissa Claire Egan,1981-09-28
Nicole Eggert,1972-01-13
Jennifer Ehle,1969-12-29
Lisa Eilbacher,1956-05-05
Jill Eikenberry,1947-01-21
Hallie Eisenberg,1992-08-02
Carmen Electra,1972-04-20
Erika Eleniak,1969-09-29
Jenna Elfman,1971-09-30
Kimberly Elise,1967-04-17
Shannon Elizabeth,1973-09-07
Vera-Ellen,None
Jane Elliot,1947-01-17
Patricia Elliott,None
Aunjanue Ellis,1969-02-21
Georgia Engel,None
Molly Ephraim,1986-05-22
Shareeka Epps,1989-07-11
Kathryn Erbe,1965-07-05
Jennifer Esposito,1973-04-11
Susie Essman,1955-05-31
Scarlett Estevez,2007-12-04
Estelle Evans,None
Judi Evans,1964-07-12
Linda Evans,1942-11-18
Madge Evans,None
Mary Beth Evans,1961-03-07
Eve,1978-11-10
Angie Everhart,1969-09-07
Bridget Everett,1972-04-21
Wynn Everett,1978-10-26
Briana Evigan,1986-10-23
Kayla Ewell,1985-08-27
Shelley Fabares,1944-01-19
Nanette Fabray,None
Morgan Fairchild,1950-02-03
Lola Falana,1942-09-11
Edie Falco,1963-07-05
Siobhan Fallon,1961-05-13
Dakota Fanning,1994-02-23
Elle Fanning,1998-04-09
Anna Faris,1976-11-29
Frances Farmer,None
Vera Farmiga,1973-08-06
Glenda Farrell,None
Sharon Farrell,1940-12-24
Terry Farrell,1963-11-19
Mia Farrow,1945-02-09
Farrah Fawcett,None
Alice Faye,None
Barbara Feldon,1933-03-12
Tovah Feldshuh,1952-12-27
Beanie Feldstein,1993-06-24
Sherilyn Fenn,1965-02-01
Vanessa Ferlito,1980-12-28
Conchata Ferrell,None
America Ferrera,1984-04-18
Peggy Feury,None
Tina Fey,1970-05-18
Sally Field,1946-11-06
Chip Fields,1961-08-05
Holly Fields,1976-10-11
Jere Fields,1959-07-02
Kim Fields,1969-05-12
Hala Finley,2009-05-18
Ashley Fink,1986-11-20
Linda Fiorentino,1958-03-09
Danielle Fishel,1981-05-05
Jenna Fischer,1974-03-07
Takayo Fischer,1932-11-25
Danielle Fishel,1981-05-05
Carrie Fisher,None
Frances Fisher,1952-05-11
Joely Fisher,1967-10-29
Schuyler Fisk,1982-07-08
Fannie Flagg,1944-09-21
Jennifer Flavin,1968-08-14
Jaqueline Fleming,1977-09-10
Rhonda Fleming,None
Louise Fletcher,1934-07-22
Calista Flockhart,1964-11-11
Ann Flood,1934-11-12
Nina Foch,None
Megan Follows,1968-03-14
Bridget Fonda,1964-01-27
Jane Fonda,1937-12-21
Lyndsy Fonseca,1987-01-07
Joan Fontaine,None
Anitra Ford,1942-09-03
Constance Ford,None
Courtney Ford,1978-06-27
Faith Ford,1964-09-14
Maria Ford,None
Deborah Foreman,1962-10-12
Sally Forrest,None
Jodie Foster,1962-11-19
Kimberly Foster,1961-07-06
Meg Foster,1948-05-10
Sara Foster,1981-02-05
Sutton Foster,1975-03-18
Jorja Fox,1968-07-07
Megan Fox,1986-05-16
Vivica A. Fox,1964-07-30
Anne Francis,None
Kay Francis,None
Bonnie Franklin,None
Diane Franklin,1962-02-11
Kathleen Freeman,None
Mona Freeman,None
Kate French,1984-09-23
Lindsay Frost,1962-06-04
Soleil Moon Frye,1976-08-06
Isabelle Fuhrman,1997-02-25
Emma Fuhrmann,2001-09-15
Annette Funicello,None
Eva Gabor,None
Zsa Zsa Gabor,None
Jacqueline Gadsden,None
Lady Gaga,1986-03-28
Rita Gam,None
Aimee Garcia,1978-11-28
Virginia Gardner,1995-04-18
Ava Gardner,None
Beverly Garland,None
Judy Garland,None
Jennifer Garner,1972-04-17
Julia Garner,1994-02-01
Kelli Garner,1984-04-11
Peggy Ann Garner,None
Janeane Garofalo,1964-09-28
Teri Garr,1947-12-11
Betty Garrett,None
Greer Garson,None
Jennie Garth,1972-04-03
Ana Gasteyer,1967-05-04
Janina Gavankar,1980-11-29
Erica Gavin,1947-07-22
Rebecca Gayheart,1971-08-12
Sami Gayle,1996-01-22
Janet Gaynor,None
Mitzi Gaynor,1931-09-04
Barbara Bel Geddes,None
Sarah Michelle Gellar,1977-04-14
Gladys George,None
Lynda Day George,1944-12-11
Melissa George,1976-08-06
Lauren German,1978-11-29
Gina Gershon,1962-06-10
Jami Gertz,1965-10-28
Greta Gerwig,1983-08-04
Estelle Getty,None
Cynthia Gibb,1963-12-14
Debbie Gibson,1970-08-31
Kelli Giddish,1980-04-13
Melissa Gilbert,1964-05-08
Sara Gilbert,1975-01-29
Sandra Giles,None
Elizabeth Gillies,1993-07-26
Ann Gillis,None
Alexie Gilmore,1976-01-01
Peri Gilpin,1961-05-27
Annabeth Gish,1971-03-13
Dorothy Gish,None
Lillian Gish,None
Robin Givens,1964-11-27
Summer Glau,1981-07-24
Lola Glaudini,1971-11-24
Carlin Glynn,1940-02-19
Paulette Goddard,None
Angela Goethals,1977-05-20
Tracey Gold,1969-05-16
Whoopi Goldberg,1955-11-13
Gage Golightly,1993-09-05
Minna Gombell,None
Selena Gomez,1992-07-22
Meagan Good,1981-08-08
Ginnifer Goodwin,1978-05-22
Lecy Goranson,1974-06-22
Ruth Gordon,None
YaYa Gosselin,2009-01-26
Alice Ghostley,None
Betty Grable,None
Maggie Grace,1983-09-21
Heather Graham,1970-01-29
Katerina Graham,1989-09-05
Lauren Graham,1967-03-16
Gloria Grahame,None
Greer Grammer,1992-02-15
Ariana Grande,1993-06-26
Beth Grant,1949-09-18
Brea Grant,1981-10-16
Lee Grant,1926-10-31
Bonita Granville,None
Karen Grassle,1942-02-25
Erin Gray,1950-01-07
Linda Gray,1940-09-12
Ari Graynor,1983-04-27
Kathryn Grayson,None
Alice Greczyn,1986-02-06
Kerri Green,1967-01-14
Ashley Greene,1987-02-21
Judy Greer,1975-07-20
Kim Greist,1958-05-12
Jennifer Grey,1960-03-26
Virginia Grey,None
Pam Grier,1949-05-26
Corinne Griffith,None
Melanie Griffith,1957-08-09
Tracy Griffith,1965-10-19
Leslie Grossman,1971-10-25
Fiona Gubelmann,1980-03-30
Carla Gugino,1971-08-29
Ann Morgan Guilbert,None
Grace Gummer,1986-05-09
Mamie Gummer,1983-08-03
Anna Gunn,1968-08-11
Danai Gurira,1978-02-14
Jasmine Guy,1962-03-10
Maggie Gyllenhaal,1977-11-16
Olivia Hack,1983-06-16
Shelley Hack,1947-07-06
Joan Hackett,None
Martha Hackett,1961-02-21
Tiffany Haddish,1979-12-03
Julie Anne Haddock,1965-04-03
Sara Haden,None
Marianne Hagan,1966-12-08
Molly Hagan,1961-08-03
Jean Hagen,None
Uta Hagen,None
Julie Hagerty,1955-06-15
Meredith Hagner,1987-05-31
Kathryn Hahn,1973-07-23
Nikki Hahn,2002-11-13
Stacy Haiduk,1968-04-28
Leisha Hailey,1971-07-11
Barbara Hale,None
Jennifer Hale,1972-01-01
Lucy Hale,1989-06-14
Alaina Reed Hall,None
Grayson Hall,None
Irma P. Hall,1935-06-03
Rebecca Hall,1982-05-03
Regina Hall,1970-12-12
Florence Halop,None
Daria Halprin,1948-12-30
Courtney Halverson,1989-06-14
Veronica Hamel,1943-11-20
Kim Hamilton,None
Linda Hamilton,1956-09-26
LisaGay Hamilton,1964-03-25
Lois Hamilton,None
Margaret Hamilton,None
Melinda Page Hamilton,1974-08-22
Barbara Hancock,1949-11-21
Chelsea Handler,1975-02-25
Daryl Hannah,1960-12-03
Anne Haney,None
Alyson Hannigan,1974-03-24
Sammi Hanratty,1995-09-20
Marcia Gay Harden,1959-08-14
Melora Hardin,1967-06-29
Ann Harding,None
Mariska Hargitay,1964-01-23
Jean Harlow,None
Angie Harmon,1972-08-10
Joy Harmon,1940-05-01
Marie Harmon,None
Elisabeth Harnois,1979-05-26
Jessica Harper,1949-10-10
Tanisha Harper,1985-09-18
Tess Harper,1950-08-15
Valerie Harper,None
Laura Harring,None
Barbara Harris,1935-07-25
Danielle Harris,1977-06-01
Danneel Harris,1979-03-18
Harriet Sansom Harris,1955-01-08
Julie Harris,None
Mel Harris,1956-07-12
Rachael Harris,1968-01-12
Jenilee Harrison,1958-06-12
Linda Harrison,1945-07-26
Kathryn Harrold,1950-08-02
Deborah Harry,1945-07-01
Margo Harshman,1986-03-04
Dolores Hart,1938-10-20
Melissa Joan Hart,1976-04-18
Mariette Hartley,1940-06-21
Elizabeth Hartman,None
Lisa Hartman Black,1956-06-01
Teri Hatcher,1964-12-08
Anne Hathaway,1982-11-12
Marcia Haufrecht,1937-01-03
Aaliyah Haughton,None
Wanda Hawley,None
Kali Hawk,1986-10-04
Goldie Hawn,1945-11-21
Salma Hayek,1966-09-02
Allison Hayes,None
Helen Hayes,None
Susan Hayward,None
Rita Hayworth,None
Glenne Headly,None
Shari Headley,1964-07-15
Amber Heard,1986-04-22
Patricia Heaton,1958-03-04
Anne Heche,1969-05-25
Jessica Hecht,1965-06-28
Eileen Heckart,None
Tippi Hedren,1930-01-19
Katherine Heigl,1978-11-24
Jayne Heitmeyer,1960-10-30
Marg Helgenberger,1958-11-16
Katherine Helmond,None
Mariel Hemingway,1961-11-22
Zulay Henao,1979-05-29
Florence Henderson,None
Lauri Hendler,1965-04-22
Christina Hendricks,1975-05-03
Elaine Hendrix,1970-12-28
Marilu Henner,1952-04-06
Shelley Hennig,1987-01-02
Linda Kaye Henning,1944-09-16
Pamela Hensley,1950-10-03
Taraji P. Henson,1970-09-11
Natasha Henstridge,1974-08-15
Audrey Hepburn,None
Katharine Hepburn,None
Rebecca Herbst,1977-05-12
Barbara Hershey,1948-02-05
Lori Heuring,1973-04-06
Jennifer Love Hewitt,1979-02-21
Catherine Hicks,1951-08-06
Brianna Hildebrand,1996-08-14
Marianna Hill,1942-02-09
Paris Hilton,1981-02-17
Nichole Hiltz,1978-09-03
Cheryl Hines,1965-09-21
Connie Hines,None
Marin Hinkle,1966-03-23
Ashley Hinshaw,1988-12-11
Judith Hoag,1969-06-28
Mitzi Hoag,None
Gaby Hoffmann,1982-01-08
Brooke Hogan,1988-05-05
Alexandra Holden,1977-04-30
Laurie Holden,1969-12-17
Willa Holland,1991-06-18
Judy Holliday,None
Polly Holliday,1937-07-02
Laurel Holloman,1968-05-23
Lauren Holly,1963-10-28
Celeste Holm,None
Katie Holmes,1978-12-18
Darla Hood,None
Charlene Holt,None
Miriam Hopkins,None
Hedda Hopper,None
Cody Horn,1988-06-12
Lena Horne,None
Julianne Hough,1988-07-20
Whitney Houston,None
Bryce Dallas Howard,1981-03-02
Traylor Howard,1966-06-14
Beth Howland,None
Kelly Hu,1968-02-13
Season Hubley,1951-03-14
Vanessa Hudgens,1988-12-14
Jennifer Hudson,1981-09-12
Haley Hudson,1986-06-14
Kate Hudson,1979-04-19
Rochelle Hudson,None
Felicity Huffman,1962-12-09
Sharon Hugueny,None
Josephine Hull,None
Gayle Hunnicutt,1943-02-06
Bonnie Hunt,1961-09-22
Helen Hunt,1963-06-15
Linda Hunt,1945-04-02
Holly Hunter,1958-03-20
Kaki Hunter,1955-11-06
Kim Hunter,None
Mary Beth Hurt,1946-09-26
Ruth Hussey,None
Anjelica Huston,1951-07-08
Gunilla Hutton,1944-05-14
Lauren Hutton,1943-11-17
Martha Hyer,None
Sarah Hyland,1990-11-24
Joyce Hyser,1957-12-20
Laura Innes,1957-08-16
Kathy Ireland,1963-03-20
Marin Ireland,1979-08-30
Amy Irving,1953-09-10
Judith Ivey,1951-09-04
Janet Jackson,1966-05-16
Kate Jackson,1948-10-29
Shar Jackson,1976-08-31
Sherry Jackson,1942-02-15
Skai Jackson,2002-04-08
Victoria Jackson,1959-08-02
Allison Janney,1959-11-19
Anne Jeffreys,None
Claudia Jennings,None
Scarlett Johansson,1984-11-22
Amy Jo Johnson,1970-10-06
Anne-Marie Johnson,1960-07-18
Ashley Johnson,1983-08-09
Dakota Johnson,1989-10-04
Rita Johnson,None
Kristen Johnston,1967-09-20
Lynn-Holly Johnson,1958-12-13
Sandy Johnson,1954-07-07
JoJo,1990-12-20
Angelina Jolie,1975-06-04
Anissa Jones,None
Carolyn Jones,None
Cherry Jones,1956-11-21
Janet Jones,1961-01-10
January Jones,1978-01-05
Jasmine Cephas Jones,1989-07-21
Jennifer Jones,None
Jill Marie Jones,1975-01-04
Marcia Mae Jones,None
Rashida Jones,1976-02-25
Renée Jones,1958-10-15
Shirley Jones,1934-03-31
Tamala Jones,1974-11-12
Dorothy Jordan,None
Jackie Joseph,1934-11-07
Milla Jovovich,1975-12-17
Elaine Joyce,1945-12-19
Ella Joyce,1954-06-12
Ashley Judd,1968-04-19
Victoria Justice,1993-02-19
Jane Kaczmarek,1955-12-21
Madeline Kahn,None
Bianca Kajlich,1977-03-26
Mindy Kaling,1979-06-24
Elena Kampouris,1997-09-16
Melina Kanakaredes,1967-04-23
Carol Kane,1952-06-18
Chelsea Kane,1988-09-15
Mitzi Kapture,1962-05-02
Julie Kavner,1950-09-07
Lainie Kazan,1940-05-15
Jane Kean,None
Staci Keanan,1975-06-06
Diane Keaton,1946-01-05
Arielle Kebbel,1985-02-19
Monica Keena,1979-05-28
Catherine Keener,1959-03-23
Sally Kellerman,1937-06-02
Sheila Kelley,1961-10-09
Catherine Kellner,1970-10-02
Grace Kelly,None
Jean Louisa Kelly,1972-03-09
Lisa Robin Kelly,None
Minka Kelly,1980-06-24
Moira Kelly,1968-03-06
Nancy Kelly,None
Patsy Kelly,None
Paula Kelly,None
Anna Kendrick,1985-08-09
Barbara Kent,None
Riley Keough,1989-05-29
Joanna Kerns,1953-02-12
Sandra Kerns,1949-07-20
Alicia Keys,1981-01-25
Margot Kidder,None
Nicole Kidman,1967-06-20
Laura Kightlinger,1964-06-13
Adrienne King,1955-07-21
Jaime King,1979-04-23
Kent King,1974-08-05
Joey King,1999-07-30
Regina King,1971-01-15
Phyllis Kirk,None
Lola Kirke,1990-09-27
Sally Kirkland,1941-10-31
Tawny Kitaen,None
Eartha Kitt,None
Hayley Kiyoko,1991-04-03
Alexis Knapp,1989-07-31
Karen Kopins,1961-10-10
Gladys Knight,1944-05-28
Shirley Knight,None
Keisha Knight-Pulliam,1979-04-09
Beyoncé Knowles,1981-09-04
Solange Knowles,1975-06-24
Susan Kohner,1936-11-11
Karen Kopins,1961-10-10
Nancy Kovack,1935-03-11
Linda Kozlowski,1958-01-07
Jane Krakowski,1968-10-11
Clare Kramer,1974-09-03
Louisa Krause,1986-05-20
Zoë Kravitz,1988-12-01
Lisa Kudrow,1963-07-30
Mila Kunis,1983-08-14
Swoosie Kurtz,1944-09-06
Nancy Kwan,1939-05-19
Eva LaRue,1966-12-27
Vanessa Lachey,1980-11-09
Cheryl Ladd,1951-07-12
Diane Ladd,1935-11-29
Christine Lahti,1950-04-04
Sanoe Lake,1982-05-19
Ricki Lake,1968-09-21
Veronica Lake,None
Christine Lakin,1979-01-25
Hedy Lamarr,None
Dorothy Lamour,None
Sarah Lancaster,1980-02-12
Juliet Landau,1965-03-30
Ricki Noel Lander,None
Audrey Landers,1956-07-18
Judy Landers,1958-10-07
Carole Landis,None
June Lang,None
Diane Lane,1965-01-22
Priscilla Lane,None
Sasha Lane,1995-09-29
Hope Lange,None
Jessica Lange,1949-04-20
Heather Langenkamp,1964-07-17
A. J. Langer,1974-05-22
Brooke Langton,1970-11-27
Angela Lansbury,1925-10-16
Joi Lansing,None
Liza Lapira,1981-12-03
Brie Larson,1989-10-01
Ali Larter,1976-02-28
Louise Lasser,1939-04-11
Louise Latham,None
Sanaa Lathan,1971-09-19
Queen Latifah,1970-03-18
Ashley Laurence,1966-05-28
Oona Laurence,2002-08-01
Piper Laurie,1932-01-22
Linda Lavin,1937-10-15
Barbara Lawrence,None
Jennifer Lawrence,1990-08-15
Vicki Lawrence,1949-03-26
Bianca Lawson,1979-03-20
Jayme Lawson,1997-09-19
Maggie Lawson,1980-08-12
Nicole Leach,1979-05-10
Cloris Leachman,None
Sharon Leal,1972-10-17
Michael Learned,1939-04-09
Kelly Le Brock,1960-03-24
Gwen Lee,None
Michele Lee,1942-06-24
Peggy Lee,None
Robinne Lee,1974-07-16
Sheryl Lee,1967-04-22
Cassandra Lee Morris,1982-04-19
Andrea Leeds,None
Erica Leerhsen,1976-02-14
Hudson Leick,1969-05-09
Cherami Leigh,None
Chyler Leigh,1982-04-10
Janet Leigh,None
Katie Leigh,1958-12-16
Jennifer Jason Leigh,1962-02-05
Bethany Joy Lenz,1981-04-02
Kay Lenz,1953-03-04
Melissa Leo,1960-09-14
Téa Leoni,1966-02-25
Joan Leslie,None
Margarita Levieva,1980-02-09
Jenifer Lewis,1957-01-25
Juliette Lewis,1973-06-21
Vicki Lewis,1960-03-17
Liana Liberato,1995-08-20
Jennifer Lien,1974-08-24
Judith Light,1949-02-09
Morgan Lily,2000-04-11
Sophia Lillis,2002-02-13
Abbey Lincoln,None
Riki Lindhome,1979-03-05
Margaret Lindsay,None
Bai Ling,1966-10-10
Laura Linney,1964-02-05
Peggy Lipton,None
Peyton List,1986-08-08
Peyton List,1998-04-06
Zoe Lister-Jones,1982-09-01
Lucy Liu,1968-12-02
Blake Lively,1987-08-25
Sabrina Lloyd,1970-11-20
Amy Locane,1971-12-19
Sondra Locke,None
Tammy Locke,1959-09-19
Tembi Locke,1970-07-26
Anne Lockhart,1953-09-06
June Lockhart,1925-06-25
Heather Locklear,1961-09-25
Lindsay Lohan,1986-07-02
Alison Lohman,1979-09-18
Kristanna Loken,1979-10-08
Carole Lombard,None
Karina Lombard,1969-01-21
Julie London,None
Lauren London,1984-12-05
Nia Long,1970-10-30
Shelley Long,1949-08-23
Eva Longoria,1975-03-15
Jennifer Lopez,1969-07-24
Traci Lords,1968-05-07
Josie Loren,1987-03-19
Joan Lorring,None
Caity Lotz,1986-12-30
Lori Loughlin,1964-07-28
Julia Louis-Dreyfus,1961-01-13
Anita Louise,None
Tina Louise,1934-02-11
Billie Lourd,1992-07-17
Bessie Love,None
Courtney Love,1964-07-09
Carey Lowell,1961-02-11
Myrna Loy,None
Olivia Luccardi,1989-05-17
Shannon Lucio,1980-06-25
Lorna Luft,1952-11-21
Jamie Luner,1971-05-12
Ida Lupino,None
Patti LuPone,1949-04-21
Masiela Lusha,1985-10-23
Dorothy Lyman,1947-04-18
Jane Lynch,1960-07-14
Kelly Lynch,1959-01-31
Carol Lynley,None
Meredith Scott Lynn,1970-03-08
Sue Lyon,None
Natasha Lyonne,1979-04-04
Jes Macallan,1982-08-09
June MacCloy,None
Andie MacDowell,1958-04-21
Ali MacGraw,1939-04-01
Justina Machado,1972-09-06
Allison Mack,None
Dorothy Mackaill,None
Joyce MacKenzie,None
Shirley MacLaine,1934-04-24
Aline MacMahon,None
Meredith MacRae,None
Amy Madigan,1950-09-11
Bailee Madison,1999-10-15
Madonna,1958-08-16
Virginia Madsen,1961-09-11
Marjorie Main,None
Tina Majorino,1985-02-07
Wendy Makkena,1958-10-04
Wendie Malick,1950-12-13
Dorothy Malone,None
Jena Malone,1984-11-21
Camryn Manheim,1961-03-08
Leslie Mann,1972-03-26
Taryn Manning,1978-11-06
Dinah Manoff,1958-01-25
Jayne Mansfield,None
Gia Mantegna,1990-04-17
Linda Manz,1961-08-20
Adele Mara,None
Kate Mara,1983-02-27
Rooney Mara,1985-04-17
Laura Marano,1995-11-29
Vanessa Marano,1992-10-31
Jamie Marchi,1977-10-08
Vanessa Marcil,1968-10-15
Janet Margolin,None
Ann-Margret,1941-04-28
Julianna Margulies,1966-06-08
Constance Marie,1965-09-09
Rose Marie,None
Jodie Markell,1959-04-13
Meghan Markle,1981-08-04
Brit Marling,1982-08-07
Paula Marshall,1964-06-12
Penny Marshall,None
Andrea Martin,1947-01-15
Kellie Martin,1975-10-16
Mary Martin,None
Meaghan Jette Martin,1992-02-17
Pamela Sue Martin,1953-01-05
Margo Martindale,1951-07-18
Natalie Martinez,1984-07-12
Marsha Mason,1942-04-03
Chase Masterson,1963-02-26
Mary Stuart Masterson,1966-06-28
Mary Elizabeth Mastrantonio,1958-11-17
Samantha Mathis,1970-05-12
Marlee Matlin,1965-08-24
Marilyn Maxwell,None
Elaine May,1932-04-21
Virginia Mayo,None
Melanie Mayron,1952-10-20
Jayma Mays,1979-07-16
Tristan Mays,1990-06-10
Debi Mazar,1964-08-13
Heather Mazur,1976-06-17
Monet Mazur,1976-04-17
May McAvoy,None
Diane McBain,1941-05-18
Mitzi McCall,1932-09-09
Irish McCalla,None
Mercedes McCambridge,None
Christine Elise McCarthy,1965-02-12
Jenny McCarthy,1972-11-01
Melissa McCarthy,1970-08-26
Cady McClain,1969-10-13
China Anne McClain,1998-08-25
Sierra McClain,1994-03-16
Rue McClanahan,None
Edie McClurg,1951-07-23
AnnaLynne McCord,1987-07-16
Mary McCormack,1969-02-08
Patty McCormack,1945-08-21
Maureen McCormick,1956-08-05
Sierra McCormick,1997-10-28
LisaRaye McCoy,1967-09-23
Kimberly McCullough,1978-03-05
Jennette McCurdy,1992-06-26
Hattie McDaniel,None
Heather McDonald,1970-06-14
Mary McDonnell,1952-04-28
Frances McDormand,1957-06-23
Reba McEntire,1955-03-28
Gates McFadden,1949-03-02
Vonetta McGee,None
Kelly McGillis,1957-07-09
Elizabeth McGovern,1961-07-18
Maureen McGovern,1949-07-27
Rose McGowan,1973-09-05
Melinda McGraw,1963-10-25
Dorothy McGuire,None
Kathryn McGuire,None
Maeve McGuire,1937-07-24
Lonette McKee,1954-07-22
Danica McKellar,1975-01-03
Nancy McKeon,1966-04-04
Nina Mae McKinney,None
Wendi McLendon-Covey,1969-10-10
Katherine McNamara,1995-11-22
Maggie McNamara,None
Kristy McNichol,1962-09-11
Katharine McPhee,1984-03-25
Butterfly McQueen,None
Caroline McWilliams,None
Meredith MacRae,None
Eve McVeagh,None
Emily Meade,1989-01-10
Anne Meara,None
Kay Medford,None
Leighton Meester,1986-04-09
Tamara Mello,1976-02-22
Eva Mendes,1974-03-05
Erica Mendez,None
Bridgit Mendler,1992-12-18
Maria Menounos,1978-06-08
Idina Menzel,1971-05-30
Lee Meriwether,1935-05-27
Una Merkel,None
Ethel Merman,None
Theresa Merritt,None
Debra Messing,1968-08-15
Dina Meyer,1968-12-22
AJ Michalka,1991-04-10
Aly Michalka,1989-03-25
Lea Michele,1986-08-29
Bette Midler,1945-12-01
Alyssa Milano,1972-12-19
Sylvia Miles,None
Vera Miles,1929-08-23
Christina Milian,1981-09-26
Cristin Milioti,1985-08-16
Penelope Milford,1948-03-23
Ivana Miličević,1974-04-26
Ann Miller,None
Christa Miller,1964-05-28
Lara Jill Miller,1967-04-20
Penelope Ann Miller,1964-01-13
Alley Mills,1951-05-09
Donna Mills,1940-12-11
Yvette Mimieux,1942-01-08
Nicki Minaj,1982-12-08
Rachel Miner,1980-07-29
Ming-Na,1963-11-20
Liza Minnelli,1946-03-12
Kelly Jo Minter,1966-09-24
Beverley Mitchell,1981-01-22
Elizabeth Mitchell,1970-03-27
Katy Mixon,1981-03-30
Mary Ann Mobley,None
Katherine Moennig,1977-12-29
Gretchen Mol,1972-11-08
Taylor Momsen,1993-07-26
Michelle Monaghan,1976-03-23
Isabela Moner,2001-07-10
Daniella Monet,1989-03-01
Mo'Nique,1967-12-11
Maika Monroe,1993-05-29
Marilyn Monroe,None
Meredith Monroe,1969-12-30
Elizabeth Montgomery,None
Demi Moore,1962-11-11
Grace Moore,None
Joanna Moore,None
Juanita Moore,None
Julianne Moore,1960-12-03
Kenya Moore,1971-01-24
Mandy Moore,1984-04-10
Mary Tyler Moore,None
Terry Moore,1929-01-07
Agnes Moorehead,None
Natalie Moorhead,None
Dolores Moran,None
Erin Moran,None
Peggy Moran,None
Belita Moreno,1949-11-01
Rita Moreno,1931-12-11
Chloë Grace Moretz,1997-02-10
Cathy Moriarty,1960-11-29
Debbi Morgan,1956-09-20
Haviland Morris,1959-09-14
Kathryn Morris,1969-01-28
Jennifer Morrison,1979-04-12
Shelley Morrison,None
Elisabeth Moss,1982-07-24
Tamera Mowry,1978-07-06
Tia Mowry,1978-07-06
Bridget Moynahan,1971-04-28
Annie Mumolo,1973-07-10
Liliana Mumy,1994-04-16
Diana Muldaur,1938-08-19
Kate Mulgrew,1955-04-29
Megan Mullally,1958-11-12
Olivia Munn,1980-07-03
Brittany Murphy,None
Donna Murphy,1959-03-07
Rosemary Murphy,None
Jillian Murray,1984-06-04
Kathy Najimy,1957-02-06
Nita Naldi,None
Florence Nash,None
Mildred Natwick,None
Elise Neal,1966-03-14
Patricia Neal,None
Noel Neill,None
Brooklyn Nelson,2004-04-13
Kristin Nelson,None
Novella Nelson,None
Tracy Nelson,1963-10-25
Lois Nettleton,None
Bebe Neuwirth,1958-12-31
Julie Newmar,1933-08-16
Kathryn Newton,1997-02-08
Barbara Nichols,None
Nichelle Nichols,1932-12-28
Rachel Nichols,1980-01-08
Julianne Nicholson,1971-07-01
Lorraine Nicholson,1990-04-16
Cynthia Nixon,1966-04-09
Stephanie Niznik,None
Maidie Norman,None
Mabel Normand,None
Sheree North,None
Brandy Norwood,1979-02-11
Kim Novak,1933-02-13
Margaret O'Brien,1937-01-15
Erin O'Brien-Moore,None
Renee O'Connor,1971-02-15
Rosie O'Donnell,1962-03-21
Brittany O'Grady,1996-06-02
Gail O'Grady,1963-01-23
Catherine O'Hara,1954-03-04
Maureen O'Hara,None
Jodi Lyn O'Keefe,1978-10-10
Tricia O'Kelley,1968-09-26
Tatum O'Neal,1963-11-05
Barbara O'Neil,None
Jennifer O'Neill,1948-02-20
Ahna O'Reilly,1984-09-21
Maureen O'Sullivan,None
Annette O'Toole,1952-04-01
Randi Oakes,1951-08-19
Jacqueline Obradors,1966-10-06
Larisa Oleynik,1981-06-07
Susan Oliver,None
Ashley Olsen,1986-06-13
Elizabeth Olsen,1989-02-16
Mary-Kate Olsen,1986-06-13
Susan Olsen,1961-08-14
Nancy Olson,1928-07-14
Olivia Olson,1992-05-21
Renee Olstead,1989-06-18
Lupe Ontiveros,None
Ana Ortiz,1971-01-25
Emily Osment,1992-03-10
Beth Ostrosky,1972-07-15
Cheri Oteri,1962-09-19
Park Overall,1957-03-15
Kelly Overton,1978-08-28
Judy Pace,1942-06-15
Genevieve Padalecki,1981-01-08
Anita Page,None
Geraldine Page,None
Janis Paige,1922-09-16
Brina Palencia,1984-02-13
Adrianne Palicki,1983-05-06
Betsy Palmer,None
Keke Palmer,1993-08-26
Gwyneth Paltrow,1972-09-27
Kay Panabaker,1990-05-02
Danielle Panabaker,1987-09-19
Hayden Panettiere,1989-08-21
Annie Parisse,1975-07-31
Grace Park,1974-03-14
Linda Park,1978-07-09
Eleanor Parker,None
Lara Parker,1938-10-27
Mary-Louise Parker,1964-08-02
Nicole Ari Parker,1970-10-07
Sarah Jessica Parker,1965-03-25
Suzy Parker,None
Lana Parrilla,1977-07-15
Janel Parrish,1988-10-30
Leslie Parrish,1935-03-18
Estelle Parsons,1927-11-20
Karyn Parsons,1966-10-08
Dolly Parton,1946-01-19
Tonye Patano,1961-10-16
Luana Patten,None
Elizabeth Patterson,None
Marnette Patterson,1980-04-26
Neva Patterson,None
Paula Patton,1975-12-05
Alexandra Paul,1963-07-29
Sarah Paulson,1974-12-17
Sara Paxton,1988-04-25
Alice Pearce,None
Patricia Pearcy,1946-09-10
Nia Peeples,1961-12-10
Amanda Peet,1972-01-11
Mary Beth Peil,1940-06-25
Elizabeth Peña,None
Piper Perabo,1976-10-31
Rosie Perez,1964-09-06
Elizabeth Perkins,1960-11-18
Millie Perkins,1938-05-12
Rhea Perlman,1948-03-31
Pauley Perrette,1969-03-27
Valerie Perrine,1943-09-03
Barbara Perry (actress),None
Donna Pescow,1954-03-24
Bernadette Peters,1948-02-28
Jean Peters,None
Susan Peters,None
Amanda Peterson,None
Cassandra Peterson,1951-09-17
Valarie Pettiford,1960-07-08
Madison Pettis,1998-07-22
Lori Petty,1963-10-14
Jade Pettyjohn,2000-11-08
Dedee Pfeiffer,1964-01-01
Michelle Pfeiffer,1958-04-29
Jo Ann Pflug,1940-05-02
Mary Philbin,None
Busy Philipps,1979-06-25
Gina Philips,1970-05-10
Bijou Phillips,1980-04-01
Mackenzie Phillips,1959-11-10
Michelle Phillips,1944-06-04
Cindy Pickett,1947-04-18
Mary Pickford,None
Christina Pickles,1935-02-17
Molly Picon,None
Julie Piekarski,1963-01-02
Sasha Pieterse,1996-02-17
Jada Pinkett Smith,1971-09-18
Leah Pipes,1988-08-12
Maria Pitillo,1965-01-08
Zasu Pitts,None
Mary Kay Place,1947-09-23
Dana Plato,None
Alice Playten,None
Aubrey Plaza,1984-06-26
Suzanne Pleshette,None
Martha Plimpton,1970-11-16
Eve Plumb,1958-04-29
Amy Poehler,1971-09-16
Priscilla Pointer,1924-05-18
Sydney Tamiia Poitier,1973-11-15
Teri Polo,1969-06-01
Scarlett Pomers,1988-11-28
Ellen Pompeo,1969-11-10
Alisan Porter,1981-06-20
Natalie Portman,1981-06-09
Parker Posey,1968-11-08
Laura Post,1983-06-23
Markie Post,None
Monica Potter,1971-06-30
Annie Potts,1952-10-28
CCH Pounder,1952-12-25
Phyllis Povah,None
Eleanor Powell,None
Jane Powell,None
Stefanie Powers,1942-11-02
Keri Lynn Pratt,1978-09-23
Kyla Pratt,1986-09-16
Laura Prepon,1980-03-07
Paula Prentiss,1938-03-04
Jaime Pressly,1977-07-30
Carrie Preston,1967-06-21
Kelly Preston,None
Lindsay Price,1976-12-06
Megyn Price,1971-03-24
Pat Priest,1936-08-15
Victoria Principal,1950-01-03
Emily Procter,1968-10-08
Dorothy Provine,None
Linda Purl,1955-09-02
Missi Pyle,1972-11-16
Maggie Q,1979-05-22
Margaret Qualley,1994-10-23
Rainey Qualley,1990-03-11
Kathleen Quinlan,1954-11-19
Maeve Quinlan,1964-11-16
Aileen Quinn,1971-06-28
Molly Quinn,1993-10-08
Pat Quinn,1937-06-20
Beulah Quo,None
Audrey Quock,1977-02-25
Cassidy Rae,1976-06-07
Charlotte Rae,None
Cristina Raines,1952-02-28
Ella Raines,None
Francia Raisa,1988-07-26
Mary Lynn Rajskub,1971-06-22
Sheryl Lee Ralph,1956-12-30
Esther Ralston,None
Marjorie Rambeau,None
Leven Rambin,1990-05-17
Cierra Ramirez,1995-03-09
Dania Ramirez,1979-11-08
Sara Ramirez,1975-08-31
Anne Ramsey,None
Laura Ramsey,1982-11-14
Theresa Randle,1964-12-27
June Diane Raphael,1980-01-04
Phylicia Rashad,1948-06-19
Emily Ratajkowski,1991-06-07
Kim Raver,1969-03-15
Navi Rawat,1977-06-05
Martha Raye,None
Tania Raymonde,1988-03-22
Nancy Davis Reagan,None
Elizabeth Reaser,1975-06-15
Alyson Reed,1958-01-11
Crystal Reed,1985-02-06
Donna Reed,None
Nikki Reed,1988-05-17
Pamela Reed,1949-04-02
Della Reese,None
Autumn Reeser,1980-09-21
Bridget Regan,1982-02-03
Storm Reid,2003-07-01
Tara Reid,1975-11-08
Lee Remick,None
Leah Remini,1970-06-15
Retta,1970-04-12
Anne Revere,None
Judy Reyes,1967-11-19
Debbie Reynolds,None
Alicia Rhett,None
Barbara Rhoades,1946-03-23
Cynthia Rhodes,1956-11-21
Jennifer Rhodes,1947-08-17
Kim Rhodes,1969-06-07
Monica Rial,1975-10-05
Marissa Ribisi,1974-12-17
Elizabeth Rice,1985-11-05
Gigi Rice,1965-03-13
Christina Ricci,1980-02-12
Ariana Richards,1979-09-11
Beah Richards,None
Denise Richards,1971-02-17
Kim Richards,1964-09-19
Kyle Richards,1969-01-11
Cameron Richardson,1979-09-11
LaTanya Richardson,1949-10-21
Natasha Richardson,None
Patricia Richardson,1951-02-23
Ashley Rickards,1992-05-04
Beth Riesgraf,1978-08-24
Amanda Righetti,1983-04-04
Jeannine Riley,1940-10-01
LeAnn Rimes,1982-08-28
Molly Ringwald,1968-02-18
Lisa Rinna,1963-07-11
Kelly Ripa,1970-10-02
Krysten Ritter,1981-12-16
Thelma Ritter,None
Naya Rivera,None
AnnaSophia Robb,1993-12-08
Doris Roberts,None
Emma Roberts,1991-02-10
Julia Roberts,1967-10-28
Tanya Roberts,None
Britt Robertson,1990-04-18
Robey,1960-03-14
Wendy Robie,1953-10-06
Wendy Raquel Robinson,1967-07-25
Ann Robinson,1929-04-25
Cindy Robinson,1973-04-06
Holly Robinson-Peete,1964-09-18
Lela Rochon,1964-04-17
Holland Roden,1986-10-07
Gina Rodriguez,1984-07-30
Michelle Rodriguez,1978-07-12
Raini Rodriguez,1993-07-01
Sarah Roemer,1984-08-28
Ginger Rogers,None
Mimi Rogers,1956-01-27
Elisabeth Röhm,1973-04-28
Esther Rolle,None
Rose Rollins,1981-04-30
Ruth Roman,None
Christy Carlson Romano,1984-03-20
Rebecca Romijn,1972-11-06
Xosha Roquemore,1984-12-11
Anika Noni Rose,1972-09-06
Cristine Rose,1951-01-31
Emily Rose,1981-02-02
Margot Rose,1956-07-17
Diana Ross,1944-03-26
Katharine Ross,1940-01-29
Tracee Ellis Ross,1972-10-29
Emmy Rossum,1986-09-12
Lillian Roth,None
Jessica Rothe,1987-05-28
Misty Rowe,1952-06-01
Victoria Rowell,1959-05-10
Kelly Rowland,1981-02-11
Gena Rowlands,1930-06-19
Jennifer Rubin,1962-04-03
Zelda Rubinstein,None
Maya Rudolph,1972-07-27
Cher Rue,1955-08-01
Sara Rue,1979-01-26
Mercedes Ruehl,1948-02-28
Janice Rule,None
Olesya Rulin,1986-03-17
Jennifer Runyon,1960-04-01
Debra Jo Rupp,1951-02-24
Barbara Rush,1927-01-04
Odeya Rush,1997-05-12
Betsy Russell,1963-09-06
Gail Russell,None
Jane Russell,None
Keri Russell,1976-03-23
Rosalind Russell,None
Theresa Russell,1957-03-20
Deanna Russo,1979-10-17
Rene Russo,1954-02-17
Kelly Rutherford,1968-11-06
Amy Ryan,1969-05-03
Blanchard Ryan,1967-01-12
Debby Ryan,1993-05-13
Eileen Ryan,1928-10-16
Irene Ryan,None
Jeri Ryan,1968-02-22
Meg Ryan,1961-11-19
Winona Ryder,1971-10-29
Katee Sackhoff,1980-04-08
Katey Sagal,1954-01-19
Halston Sage,1993-05-10
Eva Marie Saint,1924-07-04
Susan Saint James,1946-08-14
Jill St. John,1940-08-19
Zoe Saldana,1978-06-19
Laura San Giacomo,1962-11-14
Kiele Sanchez,1977-10-13
Erin Sanders,1991-01-19
Jackie Sandler,1974-09-24
Bianca Santos,1990-07-26
Mia Sara,1967-06-19
Susan Sarandon,1946-10-04
Tura Satana,None
Lori Saunders,1941-10-04
Morgan Saylor,1994-10-26
Allison Scagliotti,1990-09-21
Gia Scala,None
Diana Scarwid,1955-08-27
Cassie Scerbo,1990-03-30
Kristen Schaal,1978-01-24
Wendy Schaal,1954-07-02
Felice Schachter,1963-11-17
Rebecca Schaeffer,None
Natalie Schafer,None
Anne Schedeen,1949-01-08
Taylor Schilling,1984-07-27
Carly Schroeder,1990-10-18
Rebecca Schull,1922-02-22
Amy Schumer,1981-06-01
Annabella Sciorra,1960-03-29
Ashley Scott,1977-07-13
Jill Scott,1972-04-04
Lizabeth Scott,None
Martha Scott,None
Stefanie Scott,1996-12-06
Amy Sedaris,1961-03-29
Kyra Sedgwick,1965-08-19
Sandra Seacat,1936-10-02
Marian Seldes,None
Christian Serratos,1990-09-21
Joan Severance,1958-12-23
Chloë Sevigny,1974-11-18
Amanda Seyfried,1985-12-03
Anne Seymour,None
Jane Seymour,1951-02-15
Sarah Shahi,1980-01-10
Yara Shahidi,2000-02-10
Molly Shannon,1964-09-16
Karen Sharpe,1934-09-20
Lindsey Shaw,1989-05-10
Vinessa Shaw,1976-07-19
Alia Shawkat,1989-04-18
Lin Shaye,1943-10-12
Norma Shearer,None
Ally Sheedy,1962-06-13
Kate Lyn Sheil,None
Sheisnovember,1990-11-02
Adrienne Shelly,None
Marley Shelton,1974-04-12
Cybill Shepherd,1950-02-18
Sherri Shepherd,1967-04-22
Ann Sheridan,None
Lisa Sheridan,None
Margaret Sheridan,None
Nicollette Sheridan,1963-11-21
Brooke Shields,1965-05-31
Alexandra Shipp,1991-07-16
Talia Shire,1946-04-25
Anne Shirley,None
Dinah Shore,None
Elisabeth Shue,1963-10-06
Jane Sibbett,1962-11-28
Gabourey Sidibe,1983-05-06
Sylvia Sidney,None
Drew Sidora,1985-05-01
Maggie Siff,1974-06-21
Jamie-Lynn Sigler,1981-05-15
Karen Sillas,1963-06-05
Leslie Silva,1968-04-21
Sarah Silverman,1970-12-01
Alicia Silverstone,1976-10-04
Jessica Simpson,1980-07-10
Molly Sims,1973-05-25
Nancy Sinatra,1940-06-08
Jaz Sinclair,1994-07-22
Lori Singer,1957-11-06
Marina Sirtis,1955-03-29
Jennifer Sky,1976-10-13
Azura Skye,1981-11-08
Ione Skye,1970-09-04
Jenny Slate,1982-03-25
Helen Slater,1963-12-15
Lindsay Sloane,1977-08-08
Amy Smart,1976-03-26
Jean Smart,1951-09-13
Amber Smith,1971-03-02
Anna Nicole Smith,None
Brooke Smith,1967-05-22
Jaclyn Smith,1945-10-26
Kellita Smith,1969-01-15
Lois Smith,1930-11-03
Madolyn Smith,1957-01-01
Martha Smith,1952-10-16
Shawnee Smith,1969-07-03
Shelley Smith,1952-10-25
Tasha Smith,1971-02-28
Willow Smith,2000-10-31
Yeardley Smith,1964-07-03
Jan Smithers,1949-07-03
Carrie Snodgress,None
Brittany Snow,1986-03-09
Liza Snyder,1968-03-20
Leelee Sobieski,1983-06-10
Rena Sofer,1968-12-02
Marla Sokoloff,1980-12-19
Sarah Sokolovic,1979-11-30
P. J. Soles,1950-07-17
Suzanne Somers,1946-10-16
Bonnie Somerville,1974-02-24
Phyllis Somerville,None
Gale Sondergaard,None
Brenda Song,1988-03-27
Mira Sorvino,1967-09-28
Shannyn Sossamon,1978-10-03
Ann Sothern,None
Sissy Spacek,1949-12-25
Jordin Sparks,1989-12-22
Britney Spears,1981-12-02
Jamie Lynn Spears,1991-04-04
Tori Spelling,1973-05-16
Abigail Spencer,1981-08-04
Danielle Spencer,1965-06-24
Octavia Spencer,1972-05-25
Ashley Spillers,1986-08-13
June Squibb,1929-11-06
Gina St. John,None
Kelly Stables,1978-01-26
Florence Stanley,None
Kim Stanley,None
Barbara Stanwyck,None
Jean Stapleton,None
Maureen Stapleton,None
Karen Steele,None
Mary Steenburgen,1953-02-08
Leslie Stefanson,1971-05-10
Hailee Steinfeld,1996-12-11
Amandla Stenberg,1998-10-23
Jan Sterling,None
Mindy Sterling,1953-07-11
Frances Sternhagen,1930-01-13
Amber Stevens,1986-10-07
Connie Stevens,1938-08-08
Kaye Stevens,None
Stella Stevens,1938-10-01
Elaine Stewart,None
Kristen Stewart,1990-04-09
Julia Stiles,1981-03-28
Emma Stone,1988-11-06
Jennifer Stone,1993-02-12
Sharon Stone,1958-03-10
Alyson Stoner,1993-08-11
Gale Storm,None
Madeleine Stowe,1958-08-18
Beatrice Straight,None
Susan Strasberg,None
Meryl Streep,1949-06-22
Barbra Streisand,1942-04-24
Cecily Strong,1984-02-04
Brenda Strong,1960-03-25
Jessica Stroup,1986-10-23
Sally Struthers,1947-07-28
Barbara Stuart,None
Jean Stuart,None
Gloria Stuart,None
Margaret Sullavan,None
Kelly Sullivan,1978-02-03
Kristine Sutherland,1955-04-17
Carol Sutton,None
Mena Suvari,1979-02-13
Dominique Swain,1980-08-12
Hilary Swank,1974-07-30
Gloria Swanson,None
Kristy Swanson,1969-12-19
Julia Sweeney,1959-10-10
Jodie Sweetin,1982-01-19
Taylor Swift,1989-12-13
Loretta Swit,1937-11-04
Wanda Sykes,1964-03-07
Raven-Symoné,1985-12-10
Sophia Takal,None
Nita Talbot,1930-08-08
Patricia Tallman,1957-09-04
Constance Talmadge,None
Natalie Talmadge,None
Norma Talmadge,None
Amber Tamblyn,1983-05-14
Jessica Tandy,None
Katelyn Tarver,1989-11-02
Lilyan Tashman,None
Sharon Tate,None
Christine Taylor,1971-07-30
Elizabeth Taylor,None
Holland Taylor,1943-01-14
Jennifer Taylor,1972-04-19
Leigh Taylor-Young,None
Lili Taylor,1967-02-20
Scout Taylor-Compton,1989-02-21
Tamara Taylor,1970-09-27
Aimee Teegarden,1989-10-10
Shirley Temple,None
Tia Texada,1971-12-14
Maria Thayer,1975-10-30
Charlize Theron,1975-08-07
Tiffany Thiessen,1974-01-23
Lynne Thigpen,None
Olivia Thirlby,1986-10-06
Marlo Thomas,1937-11-21
Lea Thompson,1961-05-31
Susanna Thompson,1958-01-27
Tessa Thompson,1983-10-03
Bella Thorne,1997-10-08
Callie Thorne,1969-11-20
Courtney Thorne-Smith,1967-11-08
Uma Thurman,1970-04-29
Gene Tierney,None
Maura Tierney,1965-02-03
Pamela Tiffin,1942-10-13
Jennifer Tilly,1958-09-16
Meg Tilly,1960-02-14
Addison Timlin,1991-06-29
Lio Tipton,1988-11-09
Ashley Tisdale,1985-07-02
Hallie Todd,1962-01-07
Thelma Todd,None
Lauren Tom,1961-08-04
Nicholle Tom,1978-03-23
Marisa Tomei,1964-12-04
Tamlyn Tomita,1966-01-27
Lily Tomlin,1939-09-01
Gina Torres,1969-04-25
Audrey Totter,None
Constance Towers,1933-05-20
Michelle Trachtenberg,1985-10-11
Thalia Tran,None
Nancy Travis,1961-09-21
Claire Trevor,None
Jeanne Tripplehorn,1963-06-10
Rachel True,1966-11-15
Jessica Tuck,1963-02-19
Robin Tunney,1972-06-19
Paige Turco,1965-05-17
Bree Turner,1977-03-10
Janine Turner,1962-12-06
Kathleen Turner,1954-06-19
Lana Turner,None
Tina Turner,1939-11-26
Helen Twelvetrees,None
Aisha Tyler,1970-09-18
Liv Tyler,1977-07-01
Susan Tyrrell,None
Cicely Tyson,None
Alanna Ubach,1975-10-03
Leslie Uggams,1943-05-25
Tracey Ullman,1959-12-30
Kim Johnston Ulrich,1955-03-24
Carrie Underwood,1983-03-10
Sara Jean Underwood,1984-03-24
Sheryl Underwood,1963-10-28
Gabrielle Union,1972-10-29
Kate Upton,1992-06-10
Jenna Ushkowitz,1986-04-28
Brenda Vaccaro,1939-11-18
Cristina Valenzuela,1987-07-11
Sigrid Valdis,None
Nancy Valen,1965-12-16
Brooke Valentine,1984-10-05
Cindy Valentine,1975-08-22
Karen Valentine,1947-05-25
Amber Valletta,1974-02-09
Joan Van Ark,1943-06-16
Nadine van der Valde,1962-05-14
Mamie Van Doren,1931-02-06
Hilary Van Dyke,1970-10-30
Grace Van Patten,1996-11-21
Joyce Van Patten,1934-03-09
Deborah Van Valkenburgh,1952-08-29
Monique Van Vooren,None
Jo Van Fleet,None
Danitra Vance,None
Vivian Vance,None
Shantel VanSanten,1985-07-25
Janet Varney,1976-02-16
Diane Varsi,None
Liz Vassey,1972-08-09
Sofia Vassilieva,1992-10-22
Countess Vaughn,1978-08-08
Terri J. Vaughn,1969-10-16
Alexa Vega,1988-08-27
Makenzie Vega,1994-02-10
Jaci Velasquez,1979-10-15
Nadine Velazquez,1978-11-20
Lauren Vélez,1964-11-02
Diane Venora,1952-08-10
Gwen Verdon,None
Elena Verdugo,None
Sofia Vergara,1972-07-10
Kate Vernon,1961-04-21
Victoria Vetri,1944-09-26
Yvette Vickers,None
Christina Vidal,1981-11-18
Lisa Vidal,1965-06-13
Tracy Vilar,1968-04-12
Nana Visitor,1957-07-26
Jenna von Oÿ,1977-05-02
Lark Voorhies,1974-03-25
Gloria Votsis,1979-02-09
Caitlin Wachs,1989-03-15
Lindsay Wagner,1949-06-22
Natasha Gregson Wagner,1970-09-29
Janet Waldo,None
Shawna Waldron,1982-01-25
Abby Walker,1987-04-08
Ally Walker,1961-08-25
Arnetia Walker,1954-07-11
Bree Walker,1953-02-26
Dreama Walker,1986-06-20
Kathryn Walker,1943-01-09
Nancy Walker,None
Dee Wallace,1948-12-14
Marcia Wallace,None
Quvenzhané Wallis,2003-08-28
Kate Walsh,1967-10-13
Maiara Walsh,1988-02-18
Jessica Walter,None
Lisa Ann Walter,1963-08-03
Laurie Walters,1947-01-08
Melora Walters,1960-10-21
Nancy Walters,None
Susan Walters,1963-09-28
Peggy Walton-Walker,1943-09-01
Zoë Wanamaker,1949-05-13
B. J. Ward,1944-09-16
Maitland Ward,1977-02-03
Megan Ward,1969-09-24
Rachel Ward,1957-09-12
Sela Ward,1956-07-11
Susan Ward,1976-04-15
Emily Warfield,1972-08-10
Marlene Warfield,1940-06-19
Marsha Warfield,1954-03-05
Dawn Rochelle Warner,1972-12-07
Julie Warner,1965-02-09
Estella Warren,1978-12-23
Jennifer Warren,1941-08-12
Karle Warren,1992-02-08
Kiersten Warren,1965-11-04
Lesley Ann Warren,1946-08-16
Ruth Warrick,None
Fredi Washington,None
Kerry Washington,1977-01-31
Ethel Waters,None
Katherine Waterston,1980-03-03
Carlene Watkins,1952-06-04
Michaela Watkins,1971-12-14
Cynthia Watros,1968-09-02
Vernee Watson-Johnson,1949-09-28
Rolonda Watts,1959-07-12
Kim Wayans,1961-10-16
Carol Wayne,None
Shawn Weatherly,1959-07-24
Sigourney Weaver,1949-10-08
Bresha Webb,1987-07-10
Chloe Webb,1956-06-25
Haley Webb,1985-11-25
Jane Webb,None
Veronica Webb,1965-02-25
Ann Wedgeworth,None
Virginia Weidler,None
Liza Weil,1977-06-05
Rachel Weisz,1970-03-07
Raquel Welch,1940-09-05
Savannah Welch,1984-08-04
Tahnee Welch,1961-12-26
Tuesday Weld,1943-08-27
Gwen Welles,None
Rebecca Wells,None
Dawn Wells,None
Mae West,None
Celia Weston,1951-12-14
Patricia Wettig,1951-12-04
Dana Wheeler-Nicholson,1960-10-09
Jill Whelan,1966-09-29
Lisa Whelchel,1963-05-29
Shannon Whirry,1964-11-07
Betty White,1922-01-17
Carole Ita White,1949-08-24
Julie White,1961-06-04
Karen Malina White,1965-07-07
Michole Briana White,1969-05-29
Persia White,1972-10-24
Ruth White,None
Lynn Whitfield,1953-05-06
Mae Whitman,1988-06-09
Kym Whitley,1961-06-07
Grace Lee Whitney,None
Mary Wickes,None
Katherine Widdoes,1939-03-21
Dianne Wiest,1948-03-28
Laura Slade Wiggins,1988-08-08
Kristen Wiig,1973-08-22
Collin Wilcox,None
Lisa Wilcox,1964-04-27
Abby Wilde,1989-02-25
Olivia Wilde,1984-03-10
Samira Wiley,1987-04-15
Kathleen Wilhoite,1964-06-29
Adrienne Wilkinson,1977-09-01
Allison Williams,1988-04-13
Cara Williams,1925-06-29
Cindy Williams,1947-08-22
Esther Williams,None
JoBeth Williams,1948-12-06
Kelli Williams,1970-06-08
Kiely Williams,1986-07-09
Kimberly Williams-Paisley,1971-09-14
Kimberly Kevon Williams,1985-10-08
Malinda Williams,1970-09-24
Michelle Williams,1980-09-09
Michelle Williams (singer),1980-07-23
Natashia Williams,1978-08-02
Vanessa Williams,1963-03-18
Vanessa Estelle Williams,1963-05-12
Vesta Williams,None
Wendy Williams,1964-07-18
Zelda Williams,1989-07-31
Afton Williamson,1984-09-07
Jana Williamson,1974-03-12
Kate Williamson,None
Kenya D. Williamson,1945-11-20
Alicia Leigh Willis,1978-03-01
Katherine Willis,1971-05-02
Rumer Willis,1988-08-16
Beverly Wills,None
Bridgette Wilson,1973-09-25
Casey Wilson,1980-10-24
Chandra Wilson,1969-08-27
Debra Wilson,1962-04-26
Elizabeth Wilson,None
Kristen Wilson,1969-09-04
Mara Wilson,1987-07-24
Mary Louise Wilson,1931-11-12
Rita Wilson,1956-10-26
Sheree J. Wilson,1958-12-12
Camille Winbush,1990-02-09
Oprah Winfrey,1954-01-29
Debra Winger,1955-05-16
Mare Winningham,1959-05-16
Mary Elizabeth Winstead,1984-11-28
Ariel Winter,1998-01-28
Shelley Winters,None
Jane Withers,None
Reese Witherspoon,1976-03-22
Alicia Witt,1975-08-21
Collette Wolfe,1980-04-04
Fryda Wolff,1982-05-25
Deborah Ann Woll,1985-02-07
Evan Rachel Wood,1987-09-07
Lana Wood,1946-03-31
Natalie Wood,None
Alfre Woodard,1952-11-08
Pat Woodell,None
Shailene Woodley,1991-11-15
Joanne Woodward,1930-02-27
Shannon Woodward,1984-12-17
Fay Wray,None
N'Bushe Wright,1970-09-20
Robin Wright,1966-04-08
Teresa Wright,None
Kari Wuhrer,1967-04-28
Jane Wyman,None
Jane Wyatt,None
Celeste Yarnall,None
Deborah Yates,1970-06-05
Amy Yasbeck,1962-09-12
Morgan York,1993-01-18
Evelyn Young,None
Loretta Young,None
Sean Young,1959-11-20
Barrie Youngfellow,1946-10-26
Grace Zabriskie,1941-05-17
Pia Zadora,1953-05-04
Lisa Zane,1961-04-05
Carmen Zapata,None
Natalie Zea,1975-03-17
Nora Zehetner,1981-02-05
Renée Zellweger,1969-04-25
Zendaya,1996-09-01
Madeline Zima,1985-09-16
Vanessa Zima,1986-12-17
Yvonne Zima,1989-01-16
Stephanie Zimbalist,1956-10-08
Constance Zimmer,1970-10-11
Charlotte Zucker,None
Daphne Zuniga,1962-10-28
